,id,synopsis,genre,img_url,link,title
0,1,This is the overview of movie/show number 1.,"['Thriller', 'Drama']",http://images.com/1.jpg,http://content.com/item/1,Title 1
1,2,This is the overview of movie/show number 2.,"['Action', 'Sci-Fi']",http://images.com/2.jpg,http://content.com/item/2,Title 2
2,3,This is the overview of movie/show number 3.,['Action'],http://images.com/3.jpg,http://content.com/item/3,Title 3
3,4,This is the overview of movie/show number 4.,['Romance'],http://images.com/4.jpg,http://content.com/item/4,Title 4
4,5,This is the overview of movie/show number 5.,"['Romance', 'Mystery']",http://images.com/5.jpg,http://content.com/item/5,Title 5
5,6,This is the overview of movie/show number 6.,"['Comedy', 'Thriller']",http://images.com/6.jpg,http://content.com/item/6,Title 6
6,7,This is the overview of movie/show number 7.,"['Mystery', 'Sci-Fi', 'Thriller']",http://images.com/7.jpg,http://content.com/item/7,Title 7
7,8,This is the overview of movie/show number 8.,['Adventure'],http://images.com/8.jpg,http://content.com/item/8,Title 8
8,9,This is the overview of movie/show number 9.,"['Sci-Fi', 'Comedy']",http://images.com/9.jpg,http://content.com/item/9,Title 9
9,10,This is the overview of movie/show number 10.,"['Action', 'Sci-Fi']",http://images.com/10.jpg,http://content.com/item/10,Title 10
10,11,This is the overview of movie/show number 11.,"['Comedy', 'Sci-Fi', 'Fantasy']",http://images.com/11.jpg,http://content.com/item/11,Title 11
11,12,This is the overview of movie/show number 12.,"['Mystery', 'Drama']",http://images.com/12.jpg,http://content.com/item/12,Title 12
12,13,This is the overview of movie/show number 13.,"['Thriller', 'Action', 'Comedy']",http://images.com/13.jpg,http://content.com/item/13,Title 13
13,14,This is the overview of movie/show number 14.,['Romance'],http://images.com/14.jpg,http://content.com/item/14,Title 14
14,15,This is the overview of movie/show number 15.,"['Horror', 'Drama', 'Thriller']",http://images.com/15.jpg,http://content.com/item/15,Title 15
15,16,This is the overview of movie/show number 16.,"['Sci-Fi', 'Drama']",http://images.com/16.jpg,http://content.com/item/16,Title 16
16,17,This is the overview of movie/show number 17.,"['Drama', 'Action', 'Adventure']",http://images.com/17.jpg,http://content.com/item/17,Title 17
17,18,This is the overview of movie/show number 18.,['Action'],http://images.com/18.jpg,http://content.com/item/18,Title 18
18,19,This is the overview of movie/show number 19.,"['Romance', 'Sci-Fi']",http://images.com/19.jpg,http://content.com/item/19,Title 19
19,20,This is the overview of movie/show number 20.,['Thriller'],http://images.com/20.jpg,http://content.com/item/20,Title 20
20,21,This is the overview of movie/show number 21.,"['Drama', 'Fantasy']",http://images.com/21.jpg,http://content.com/item/21,Title 21
21,22,This is the overview of movie/show number 22.,"['Action', 'Drama', 'Comedy']",http://images.com/22.jpg,http://content.com/item/22,Title 22
22,23,This is the overview of movie/show number 23.,"['Comedy', 'Drama', 'Mystery']",http://images.com/23.jpg,http://content.com/item/23,Title 23
23,24,This is the overview of movie/show number 24.,"['Action', 'Thriller']",http://images.com/24.jpg,http://content.com/item/24,Title 24
24,25,This is the overview of movie/show number 25.,"['Comedy', 'Drama']",http://images.com/25.jpg,http://content.com/item/25,Title 25
25,26,This is the overview of movie/show number 26.,"['Horror', 'Action']",http://images.com/26.jpg,http://content.com/item/26,Title 26
26,27,This is the overview of movie/show number 27.,"['Romance', 'Thriller']",http://images.com/27.jpg,http://content.com/item/27,Title 27
27,28,This is the overview of movie/show number 28.,"['Sci-Fi', 'Drama']",http://images.com/28.jpg,http://content.com/item/28,Title 28
28,29,This is the overview of movie/show number 29.,['Adventure'],http://images.com/29.jpg,http://content.com/item/29,Title 29
29,30,This is the overview of movie/show number 30.,"['Sci-Fi', 'Drama']",http://images.com/30.jpg,http://content.com/item/30,Title 30
30,31,This is the overview of movie/show number 31.,"['Sci-Fi', 'Adventure', 'Horror']",http://images.com/31.jpg,http://content.com/item/31,Title 31
31,32,This is the overview of movie/show number 32.,['Fantasy'],http://images.com/32.jpg,http://content.com/item/32,Title 32
32,33,This is the overview of movie/show number 33.,"['Drama', 'Mystery']",http://images.com/33.jpg,http://content.com/item/33,Title 33
33,34,This is the overview of movie/show number 34.,"['Fantasy', 'Thriller', 'Sci-Fi']",http://images.com/34.jpg,http://content.com/item/34,Title 34
34,35,This is the overview of movie/show number 35.,"['Drama', 'Fantasy', 'Comedy']",http://images.com/35.jpg,http://content.com/item/35,Title 35
35,36,This is the overview of movie/show number 36.,"['Adventure', 'Mystery']",http://images.com/36.jpg,http://content.com/item/36,Title 36
36,37,This is the overview of movie/show number 37.,"['Mystery', 'Action']",http://images.com/37.jpg,http://content.com/item/37,Title 37
37,38,This is the overview of movie/show number 38.,"['Horror', 'Comedy', 'Fantasy']",http://images.com/38.jpg,http://content.com/item/38,Title 38
38,39,This is the overview of movie/show number 39.,"['Romance', 'Thriller']",http://images.com/39.jpg,http://content.com/item/39,Title 39
39,40,This is the overview of movie/show number 40.,"['Adventure', 'Comedy', 'Action']",http://images.com/40.jpg,http://content.com/item/40,Title 40
40,41,This is the overview of movie/show number 41.,"['Mystery', 'Drama', 'Romance']",http://images.com/41.jpg,http://content.com/item/41,Title 41
41,42,This is the overview of movie/show number 42.,"['Sci-Fi', 'Comedy']",http://images.com/42.jpg,http://content.com/item/42,Title 42
42,43,This is the overview of movie/show number 43.,"['Comedy', 'Action']",http://images.com/43.jpg,http://content.com/item/43,Title 43
43,44,This is the overview of movie/show number 44.,"['Comedy', 'Horror']",http://images.com/44.jpg,http://content.com/item/44,Title 44
44,45,This is the overview of movie/show number 45.,['Fantasy'],http://images.com/45.jpg,http://content.com/item/45,Title 45
45,46,This is the overview of movie/show number 46.,"['Mystery', 'Drama']",http://images.com/46.jpg,http://content.com/item/46,Title 46
46,47,This is the overview of movie/show number 47.,"['Drama', 'Sci-Fi', 'Action']",http://images.com/47.jpg,http://content.com/item/47,Title 47
47,48,This is the overview of movie/show number 48.,['Fantasy'],http://images.com/48.jpg,http://content.com/item/48,Title 48
48,49,This is the overview of movie/show number 49.,"['Sci-Fi', 'Thriller', 'Comedy']",http://images.com/49.jpg,http://content.com/item/49,Title 49
49,50,This is the overview of movie/show number 50.,"['Adventure', 'Drama']",http://images.com/50.jpg,http://content.com/item/50,Title 50
50,51,This is the overview of movie/show number 51.,"['Comedy', 'Adventure', 'Sci-Fi']",http://images.com/51.jpg,http://content.com/item/51,Title 51
51,52,This is the overview of movie/show number 52.,['Adventure'],http://images.com/52.jpg,http://content.com/item/52,Title 52
52,53,This is the overview of movie/show number 53.,"['Romance', 'Fantasy']",http://images.com/53.jpg,http://content.com/item/53,Title 53
53,54,This is the overview of movie/show number 54.,['Action'],http://images.com/54.jpg,http://content.com/item/54,Title 54
54,55,This is the overview of movie/show number 55.,"['Fantasy', 'Sci-Fi', 'Drama']",http://images.com/55.jpg,http://content.com/item/55,Title 55
55,56,This is the overview of movie/show number 56.,"['Horror', 'Mystery', 'Drama']",http://images.com/56.jpg,http://content.com/item/56,Title 56
56,57,This is the overview of movie/show number 57.,"['Fantasy', 'Mystery']",http://images.com/57.jpg,http://content.com/item/57,Title 57
57,58,This is the overview of movie/show number 58.,"['Thriller', 'Fantasy', 'Sci-Fi']",http://images.com/58.jpg,http://content.com/item/58,Title 58
58,59,This is the overview of movie/show number 59.,"['Action', 'Comedy', 'Romance']",http://images.com/59.jpg,http://content.com/item/59,Title 59
59,60,This is the overview of movie/show number 60.,"['Mystery', 'Drama']",http://images.com/60.jpg,http://content.com/item/60,Title 60
60,61,This is the overview of movie/show number 61.,['Fantasy'],http://images.com/61.jpg,http://content.com/item/61,Title 61
61,62,This is the overview of movie/show number 62.,"['Action', 'Thriller']",http://images.com/62.jpg,http://content.com/item/62,Title 62
62,63,This is the overview of movie/show number 63.,"['Horror', 'Comedy']",http://images.com/63.jpg,http://content.com/item/63,Title 63
63,64,This is the overview of movie/show number 64.,"['Drama', 'Mystery', 'Sci-Fi']",http://images.com/64.jpg,http://content.com/item/64,Title 64
64,65,This is the overview of movie/show number 65.,"['Action', 'Fantasy']",http://images.com/65.jpg,http://content.com/item/65,Title 65
65,66,This is the overview of movie/show number 66.,['Sci-Fi'],http://images.com/66.jpg,http://content.com/item/66,Title 66
66,67,This is the overview of movie/show number 67.,"['Horror', 'Drama']",http://images.com/67.jpg,http://content.com/item/67,Title 67
67,68,This is the overview of movie/show number 68.,['Horror'],http://images.com/68.jpg,http://content.com/item/68,Title 68
68,69,This is the overview of movie/show number 69.,"['Horror', 'Fantasy', 'Mystery']",http://images.com/69.jpg,http://content.com/item/69,Title 69
69,70,This is the overview of movie/show number 70.,['Horror'],http://images.com/70.jpg,http://content.com/item/70,Title 70
70,71,This is the overview of movie/show number 71.,"['Action', 'Sci-Fi', 'Drama']",http://images.com/71.jpg,http://content.com/item/71,Title 71
71,72,This is the overview of movie/show number 72.,"['Comedy', 'Sci-Fi']",http://images.com/72.jpg,http://content.com/item/72,Title 72
72,73,This is the overview of movie/show number 73.,"['Action', 'Comedy']",http://images.com/73.jpg,http://content.com/item/73,Title 73
73,74,This is the overview of movie/show number 74.,"['Horror', 'Drama']",http://images.com/74.jpg,http://content.com/item/74,Title 74
74,75,This is the overview of movie/show number 75.,"['Drama', 'Adventure', 'Thriller']",http://images.com/75.jpg,http://content.com/item/75,Title 75
75,76,This is the overview of movie/show number 76.,"['Comedy', 'Sci-Fi', 'Fantasy']",http://images.com/76.jpg,http://content.com/item/76,Title 76
76,77,This is the overview of movie/show number 77.,"['Action', 'Adventure', 'Mystery']",http://images.com/77.jpg,http://content.com/item/77,Title 77
77,78,This is the overview of movie/show number 78.,['Romance'],http://images.com/78.jpg,http://content.com/item/78,Title 78
78,79,This is the overview of movie/show number 79.,['Adventure'],http://images.com/79.jpg,http://content.com/item/79,Title 79
79,80,This is the overview of movie/show number 80.,['Thriller'],http://images.com/80.jpg,http://content.com/item/80,Title 80
80,81,This is the overview of movie/show number 81.,['Mystery'],http://images.com/81.jpg,http://content.com/item/81,Title 81
81,82,This is the overview of movie/show number 82.,"['Action', 'Horror']",http://images.com/82.jpg,http://content.com/item/82,Title 82
82,83,This is the overview of movie/show number 83.,"['Mystery', 'Adventure', 'Fantasy']",http://images.com/83.jpg,http://content.com/item/83,Title 83
83,84,This is the overview of movie/show number 84.,"['Mystery', 'Action']",http://images.com/84.jpg,http://content.com/item/84,Title 84
84,85,This is the overview of movie/show number 85.,"['Action', 'Mystery', 'Drama']",http://images.com/85.jpg,http://content.com/item/85,Title 85
85,86,This is the overview of movie/show number 86.,"['Thriller', 'Horror']",http://images.com/86.jpg,http://content.com/item/86,Title 86
86,87,This is the overview of movie/show number 87.,['Fantasy'],http://images.com/87.jpg,http://content.com/item/87,Title 87
87,88,This is the overview of movie/show number 88.,['Action'],http://images.com/88.jpg,http://content.com/item/88,Title 88
88,89,This is the overview of movie/show number 89.,"['Mystery', 'Drama', 'Comedy']",http://images.com/89.jpg,http://content.com/item/89,Title 89
89,90,This is the overview of movie/show number 90.,['Horror'],http://images.com/90.jpg,http://content.com/item/90,Title 90
90,91,This is the overview of movie/show number 91.,"['Romance', 'Sci-Fi']",http://images.com/91.jpg,http://content.com/item/91,Title 91
91,92,This is the overview of movie/show number 92.,"['Horror', 'Drama']",http://images.com/92.jpg,http://content.com/item/92,Title 92
92,93,This is the overview of movie/show number 93.,"['Fantasy', 'Action', 'Romance']",http://images.com/93.jpg,http://content.com/item/93,Title 93
93,94,This is the overview of movie/show number 94.,"['Comedy', 'Horror', 'Fantasy']",http://images.com/94.jpg,http://content.com/item/94,Title 94
94,95,This is the overview of movie/show number 95.,"['Adventure', 'Thriller', 'Mystery']",http://images.com/95.jpg,http://content.com/item/95,Title 95
95,96,This is the overview of movie/show number 96.,['Sci-Fi'],http://images.com/96.jpg,http://content.com/item/96,Title 96
96,97,This is the overview of movie/show number 97.,"['Sci-Fi', 'Drama']",http://images.com/97.jpg,http://content.com/item/97,Title 97
97,98,This is the overview of movie/show number 98.,"['Comedy', 'Thriller', 'Adventure']",http://images.com/98.jpg,http://content.com/item/98,Title 98
98,99,This is the overview of movie/show number 99.,['Comedy'],http://images.com/99.jpg,http://content.com/item/99,Title 99
99,100,This is the overview of movie/show number 100.,"['Action', 'Romance', 'Mystery']",http://images.com/100.jpg,http://content.com/item/100,Title 100
