id,title,genre,synopsis,img_url,link,genre_encoded
1,Title 1,"['Thriller', 'Drama']",This is the overview of movie/show number 1.,http://images.com/1.jpg,http://content.com/item/1,"[0, 0, 0, 1, 0, 0, 0, 0, 0, 1]"
2,Title 2,"['Action', 'Sci-Fi']",This is the overview of movie/show number 2.,http://images.com/2.jpg,http://content.com/item/2,"[1, 0, 0, 0, 0, 0, 0, 0, 1, 0]"
3,Title 3,['Action'],This is the overview of movie/show number 3.,http://images.com/3.jpg,http://content.com/item/3,"[1, 0, 0, 0, 0, 0, 0, 0, 0, 0]"
4,Title 4,['Romance'],This is the overview of movie/show number 4.,http://images.com/4.jpg,http://content.com/item/4,"[0, 0, 0, 0, 0, 0, 0, 1, 0, 0]"
5,Title 5,"['Romance', 'Mystery']",This is the overview of movie/show number 5.,http://images.com/5.jpg,http://content.com/item/5,"[0, 0, 0, 0, 0, 0, 1, 1, 0, 0]"
6,Title 6,"['Comedy', 'Thriller']",This is the overview of movie/show number 6.,http://images.com/6.jpg,http://content.com/item/6,"[0, 0, 1, 0, 0, 0, 0, 0, 0, 1]"
7,Title 7,"['Mystery', 'Sci-Fi', 'Thriller']",This is the overview of movie/show number 7.,http://images.com/7.jpg,http://content.com/item/7,"[0, 0, 0, 0, 0, 0, 1, 0, 1, 1]"
8,Title 8,['Adventure'],This is the overview of movie/show number 8.,http://images.com/8.jpg,http://content.com/item/8,"[0, 1, 0, 0, 0, 0, 0, 0, 0, 0]"
9,Title 9,"['Sci-Fi', 'Comedy']",This is the overview of movie/show number 9.,http://images.com/9.jpg,http://content.com/item/9,"[0, 0, 1, 0, 0, 0, 0, 0, 1, 0]"
10,Title 10,"['Action', 'Sci-Fi']",This is the overview of movie/show number 10.,http://images.com/10.jpg,http://content.com/item/10,"[1, 0, 0, 0, 0, 0, 0, 0, 1, 0]"
11,Title 11,"['Comedy', 'Sci-Fi', 'Fantasy']",This is the overview of movie/show number 11.,http://images.com/11.jpg,http://content.com/item/11,"[0, 0, 1, 0, 1, 0, 0, 0, 1, 0]"
12,Title 12,"['Mystery', 'Drama']",This is the overview of movie/show number 12.,http://images.com/12.jpg,http://content.com/item/12,"[0, 0, 0, 1, 0, 0, 1, 0, 0, 0]"
13,Title 13,"['Thriller', 'Action', 'Comedy']",This is the overview of movie/show number 13.,http://images.com/13.jpg,http://content.com/item/13,"[1, 0, 1, 0, 0, 0, 0, 0, 0, 1]"
14,Title 14,['Romance'],This is the overview of movie/show number 14.,http://images.com/14.jpg,http://content.com/item/14,"[0, 0, 0, 0, 0, 0, 0, 1, 0, 0]"
15,Title 15,"['Horror', 'Drama', 'Thriller']",This is the overview of movie/show number 15.,http://images.com/15.jpg,http://content.com/item/15,"[0, 0, 0, 1, 0, 1, 0, 0, 0, 1]"
16,Title 16,"['Sci-Fi', 'Drama']",This is the overview of movie/show number 16.,http://images.com/16.jpg,http://content.com/item/16,"[0, 0, 0, 1, 0, 0, 0, 0, 1, 0]"
17,Title 17,"['Drama', 'Action', 'Adventure']",This is the overview of movie/show number 17.,http://images.com/17.jpg,http://content.com/item/17,"[1, 1, 0, 1, 0, 0, 0, 0, 0, 0]"
18,Title 18,['Action'],This is the overview of movie/show number 18.,http://images.com/18.jpg,http://content.com/item/18,"[1, 0, 0, 0, 0, 0, 0, 0, 0, 0]"
19,Title 19,"['Romance', 'Sci-Fi']",This is the overview of movie/show number 19.,http://images.com/19.jpg,http://content.com/item/19,"[0, 0, 0, 0, 0, 0, 0, 1, 1, 0]"
20,Title 20,['Thriller'],This is the overview of movie/show number 20.,http://images.com/20.jpg,http://content.com/item/20,"[0, 0, 0, 0, 0, 0, 0, 0, 0, 1]"
21,Title 21,"['Drama', 'Fantasy']",This is the overview of movie/show number 21.,http://images.com/21.jpg,http://content.com/item/21,"[0, 0, 0, 1, 1, 0, 0, 0, 0, 0]"
22,Title 22,"['Action', 'Drama', 'Comedy']",This is the overview of movie/show number 22.,http://images.com/22.jpg,http://content.com/item/22,"[1, 0, 1, 1, 0, 0, 0, 0, 0, 0]"
23,Title 23,"['Comedy', 'Drama', 'Mystery']",This is the overview of movie/show number 23.,http://images.com/23.jpg,http://content.com/item/23,"[0, 0, 1, 1, 0, 0, 1, 0, 0, 0]"
24,Title 24,"['Action', 'Thriller']",This is the overview of movie/show number 24.,http://images.com/24.jpg,http://content.com/item/24,"[1, 0, 0, 0, 0, 0, 0, 0, 0, 1]"
25,Title 25,"['Comedy', 'Drama']",This is the overview of movie/show number 25.,http://images.com/25.jpg,http://content.com/item/25,"[0, 0, 1, 1, 0, 0, 0, 0, 0, 0]"
26,Title 26,"['Horror', 'Action']",This is the overview of movie/show number 26.,http://images.com/26.jpg,http://content.com/item/26,"[1, 0, 0, 0, 0, 1, 0, 0, 0, 0]"
27,Title 27,"['Romance', 'Thriller']",This is the overview of movie/show number 27.,http://images.com/27.jpg,http://content.com/item/27,"[0, 0, 0, 0, 0, 0, 0, 1, 0, 1]"
28,Title 28,"['Sci-Fi', 'Drama']",This is the overview of movie/show number 28.,http://images.com/28.jpg,http://content.com/item/28,"[0, 0, 0, 1, 0, 0, 0, 0, 1, 0]"
29,Title 29,['Adventure'],This is the overview of movie/show number 29.,http://images.com/29.jpg,http://content.com/item/29,"[0, 1, 0, 0, 0, 0, 0, 0, 0, 0]"
30,Title 30,"['Sci-Fi', 'Drama']",This is the overview of movie/show number 30.,http://images.com/30.jpg,http://content.com/item/30,"[0, 0, 0, 1, 0, 0, 0, 0, 1, 0]"
31,Title 31,"['Sci-Fi', 'Adventure', 'Horror']",This is the overview of movie/show number 31.,http://images.com/31.jpg,http://content.com/item/31,"[0, 1, 0, 0, 0, 1, 0, 0, 1, 0]"
32,Title 32,['Fantasy'],This is the overview of movie/show number 32.,http://images.com/32.jpg,http://content.com/item/32,"[0, 0, 0, 0, 1, 0, 0, 0, 0, 0]"
33,Title 33,"['Drama', 'Mystery']",This is the overview of movie/show number 33.,http://images.com/33.jpg,http://content.com/item/33,"[0, 0, 0, 1, 0, 0, 1, 0, 0, 0]"
34,Title 34,"['Fantasy', 'Thriller', 'Sci-Fi']",This is the overview of movie/show number 34.,http://images.com/34.jpg,http://content.com/item/34,"[0, 0, 0, 0, 1, 0, 0, 0, 1, 1]"
35,Title 35,"['Drama', 'Fantasy', 'Comedy']",This is the overview of movie/show number 35.,http://images.com/35.jpg,http://content.com/item/35,"[0, 0, 1, 1, 1, 0, 0, 0, 0, 0]"
36,Title 36,"['Adventure', 'Mystery']",This is the overview of movie/show number 36.,http://images.com/36.jpg,http://content.com/item/36,"[0, 1, 0, 0, 0, 0, 1, 0, 0, 0]"
37,Title 37,"['Mystery', 'Action']",This is the overview of movie/show number 37.,http://images.com/37.jpg,http://content.com/item/37,"[1, 0, 0, 0, 0, 0, 1, 0, 0, 0]"
38,Title 38,"['Horror', 'Comedy', 'Fantasy']",This is the overview of movie/show number 38.,http://images.com/38.jpg,http://content.com/item/38,"[0, 0, 1, 0, 1, 1, 0, 0, 0, 0]"
39,Title 39,"['Romance', 'Thriller']",This is the overview of movie/show number 39.,http://images.com/39.jpg,http://content.com/item/39,"[0, 0, 0, 0, 0, 0, 0, 1, 0, 1]"
40,Title 40,"['Adventure', 'Comedy', 'Action']",This is the overview of movie/show number 40.,http://images.com/40.jpg,http://content.com/item/40,"[1, 1, 1, 0, 0, 0, 0, 0, 0, 0]"
41,Title 41,"['Mystery', 'Drama', 'Romance']",This is the overview of movie/show number 41.,http://images.com/41.jpg,http://content.com/item/41,"[0, 0, 0, 1, 0, 0, 1, 1, 0, 0]"
42,Title 42,"['Sci-Fi', 'Comedy']",This is the overview of movie/show number 42.,http://images.com/42.jpg,http://content.com/item/42,"[0, 0, 1, 0, 0, 0, 0, 0, 1, 0]"
43,Title 43,"['Comedy', 'Action']",This is the overview of movie/show number 43.,http://images.com/43.jpg,http://content.com/item/43,"[1, 0, 1, 0, 0, 0, 0, 0, 0, 0]"
44,Title 44,"['Comedy', 'Horror']",This is the overview of movie/show number 44.,http://images.com/44.jpg,http://content.com/item/44,"[0, 0, 1, 0, 0, 1, 0, 0, 0, 0]"
45,Title 45,['Fantasy'],This is the overview of movie/show number 45.,http://images.com/45.jpg,http://content.com/item/45,"[0, 0, 0, 0, 1, 0, 0, 0, 0, 0]"
46,Title 46,"['Mystery', 'Drama']",This is the overview of movie/show number 46.,http://images.com/46.jpg,http://content.com/item/46,"[0, 0, 0, 1, 0, 0, 1, 0, 0, 0]"
47,Title 47,"['Drama', 'Sci-Fi', 'Action']",This is the overview of movie/show number 47.,http://images.com/47.jpg,http://content.com/item/47,"[1, 0, 0, 1, 0, 0, 0, 0, 1, 0]"
48,Title 48,['Fantasy'],This is the overview of movie/show number 48.,http://images.com/48.jpg,http://content.com/item/48,"[0, 0, 0, 0, 1, 0, 0, 0, 0, 0]"
49,Title 49,"['Sci-Fi', 'Thriller', 'Comedy']",This is the overview of movie/show number 49.,http://images.com/49.jpg,http://content.com/item/49,"[0, 0, 1, 0, 0, 0, 0, 0, 1, 1]"
50,Title 50,"['Adventure', 'Drama']",This is the overview of movie/show number 50.,http://images.com/50.jpg,http://content.com/item/50,"[0, 1, 0, 1, 0, 0, 0, 0, 0, 0]"
51,Title 51,"['Comedy', 'Adventure', 'Sci-Fi']",This is the overview of movie/show number 51.,http://images.com/51.jpg,http://content.com/item/51,"[0, 1, 1, 0, 0, 0, 0, 0, 1, 0]"
52,Title 52,['Adventure'],This is the overview of movie/show number 52.,http://images.com/52.jpg,http://content.com/item/52,"[0, 1, 0, 0, 0, 0, 0, 0, 0, 0]"
53,Title 53,"['Romance', 'Fantasy']",This is the overview of movie/show number 53.,http://images.com/53.jpg,http://content.com/item/53,"[0, 0, 0, 0, 1, 0, 0, 1, 0, 0]"
54,Title 54,['Action'],This is the overview of movie/show number 54.,http://images.com/54.jpg,http://content.com/item/54,"[1, 0, 0, 0, 0, 0, 0, 0, 0, 0]"
55,Title 55,"['Fantasy', 'Sci-Fi', 'Drama']",This is the overview of movie/show number 55.,http://images.com/55.jpg,http://content.com/item/55,"[0, 0, 0, 1, 1, 0, 0, 0, 1, 0]"
56,Title 56,"['Horror', 'Mystery', 'Drama']",This is the overview of movie/show number 56.,http://images.com/56.jpg,http://content.com/item/56,"[0, 0, 0, 1, 0, 1, 1, 0, 0, 0]"
57,Title 57,"['Fantasy', 'Mystery']",This is the overview of movie/show number 57.,http://images.com/57.jpg,http://content.com/item/57,"[0, 0, 0, 0, 1, 0, 1, 0, 0, 0]"
58,Title 58,"['Thriller', 'Fantasy', 'Sci-Fi']",This is the overview of movie/show number 58.,http://images.com/58.jpg,http://content.com/item/58,"[0, 0, 0, 0, 1, 0, 0, 0, 1, 1]"
59,Title 59,"['Action', 'Comedy', 'Romance']",This is the overview of movie/show number 59.,http://images.com/59.jpg,http://content.com/item/59,"[1, 0, 1, 0, 0, 0, 0, 1, 0, 0]"
60,Title 60,"['Mystery', 'Drama']",This is the overview of movie/show number 60.,http://images.com/60.jpg,http://content.com/item/60,"[0, 0, 0, 1, 0, 0, 1, 0, 0, 0]"
61,Title 61,['Fantasy'],This is the overview of movie/show number 61.,http://images.com/61.jpg,http://content.com/item/61,"[0, 0, 0, 0, 1, 0, 0, 0, 0, 0]"
62,Title 62,"['Action', 'Thriller']",This is the overview of movie/show number 62.,http://images.com/62.jpg,http://content.com/item/62,"[1, 0, 0, 0, 0, 0, 0, 0, 0, 1]"
63,Title 63,"['Horror', 'Comedy']",This is the overview of movie/show number 63.,http://images.com/63.jpg,http://content.com/item/63,"[0, 0, 1, 0, 0, 1, 0, 0, 0, 0]"
64,Title 64,"['Drama', 'Mystery', 'Sci-Fi']",This is the overview of movie/show number 64.,http://images.com/64.jpg,http://content.com/item/64,"[0, 0, 0, 1, 0, 0, 1, 0, 1, 0]"
65,Title 65,"['Action', 'Fantasy']",This is the overview of movie/show number 65.,http://images.com/65.jpg,http://content.com/item/65,"[1, 0, 0, 0, 1, 0, 0, 0, 0, 0]"
66,Title 66,['Sci-Fi'],This is the overview of movie/show number 66.,http://images.com/66.jpg,http://content.com/item/66,"[0, 0, 0, 0, 0, 0, 0, 0, 1, 0]"
67,Title 67,"['Horror', 'Drama']",This is the overview of movie/show number 67.,http://images.com/67.jpg,http://content.com/item/67,"[0, 0, 0, 1, 0, 1, 0, 0, 0, 0]"
68,Title 68,['Horror'],This is the overview of movie/show number 68.,http://images.com/68.jpg,http://content.com/item/68,"[0, 0, 0, 0, 0, 1, 0, 0, 0, 0]"
69,Title 69,"['Horror', 'Fantasy', 'Mystery']",This is the overview of movie/show number 69.,http://images.com/69.jpg,http://content.com/item/69,"[0, 0, 0, 0, 1, 1, 1, 0, 0, 0]"
70,Title 70,['Horror'],This is the overview of movie/show number 70.,http://images.com/70.jpg,http://content.com/item/70,"[0, 0, 0, 0, 0, 1, 0, 0, 0, 0]"
71,Title 71,"['Action', 'Sci-Fi', 'Drama']",This is the overview of movie/show number 71.,http://images.com/71.jpg,http://content.com/item/71,"[1, 0, 0, 1, 0, 0, 0, 0, 1, 0]"
72,Title 72,"['Comedy', 'Sci-Fi']",This is the overview of movie/show number 72.,http://images.com/72.jpg,http://content.com/item/72,"[0, 0, 1, 0, 0, 0, 0, 0, 1, 0]"
73,Title 73,"['Action', 'Comedy']",This is the overview of movie/show number 73.,http://images.com/73.jpg,http://content.com/item/73,"[1, 0, 1, 0, 0, 0, 0, 0, 0, 0]"
74,Title 74,"['Horror', 'Drama']",This is the overview of movie/show number 74.,http://images.com/74.jpg,http://content.com/item/74,"[0, 0, 0, 1, 0, 1, 0, 0, 0, 0]"
75,Title 75,"['Drama', 'Adventure', 'Thriller']",This is the overview of movie/show number 75.,http://images.com/75.jpg,http://content.com/item/75,"[0, 1, 0, 1, 0, 0, 0, 0, 0, 1]"
76,Title 76,"['Comedy', 'Sci-Fi', 'Fantasy']",This is the overview of movie/show number 76.,http://images.com/76.jpg,http://content.com/item/76,"[0, 0, 1, 0, 1, 0, 0, 0, 1, 0]"
77,Title 77,"['Action', 'Adventure', 'Mystery']",This is the overview of movie/show number 77.,http://images.com/77.jpg,http://content.com/item/77,"[1, 1, 0, 0, 0, 0, 1, 0, 0, 0]"
78,Title 78,['Romance'],This is the overview of movie/show number 78.,http://images.com/78.jpg,http://content.com/item/78,"[0, 0, 0, 0, 0, 0, 0, 1, 0, 0]"
79,Title 79,['Adventure'],This is the overview of movie/show number 79.,http://images.com/79.jpg,http://content.com/item/79,"[0, 1, 0, 0, 0, 0, 0, 0, 0, 0]"
80,Title 80,['Thriller'],This is the overview of movie/show number 80.,http://images.com/80.jpg,http://content.com/item/80,"[0, 0, 0, 0, 0, 0, 0, 0, 0, 1]"
81,Title 81,['Mystery'],This is the overview of movie/show number 81.,http://images.com/81.jpg,http://content.com/item/81,"[0, 0, 0, 0, 0, 0, 1, 0, 0, 0]"
82,Title 82,"['Action', 'Horror']",This is the overview of movie/show number 82.,http://images.com/82.jpg,http://content.com/item/82,"[1, 0, 0, 0, 0, 1, 0, 0, 0, 0]"
83,Title 83,"['Mystery', 'Adventure', 'Fantasy']",This is the overview of movie/show number 83.,http://images.com/83.jpg,http://content.com/item/83,"[0, 1, 0, 0, 1, 0, 1, 0, 0, 0]"
84,Title 84,"['Mystery', 'Action']",This is the overview of movie/show number 84.,http://images.com/84.jpg,http://content.com/item/84,"[1, 0, 0, 0, 0, 0, 1, 0, 0, 0]"
85,Title 85,"['Action', 'Mystery', 'Drama']",This is the overview of movie/show number 85.,http://images.com/85.jpg,http://content.com/item/85,"[1, 0, 0, 1, 0, 0, 1, 0, 0, 0]"
86,Title 86,"['Thriller', 'Horror']",This is the overview of movie/show number 86.,http://images.com/86.jpg,http://content.com/item/86,"[0, 0, 0, 0, 0, 1, 0, 0, 0, 1]"
87,Title 87,['Fantasy'],This is the overview of movie/show number 87.,http://images.com/87.jpg,http://content.com/item/87,"[0, 0, 0, 0, 1, 0, 0, 0, 0, 0]"
88,Title 88,['Action'],This is the overview of movie/show number 88.,http://images.com/88.jpg,http://content.com/item/88,"[1, 0, 0, 0, 0, 0, 0, 0, 0, 0]"
89,Title 89,"['Mystery', 'Drama', 'Comedy']",This is the overview of movie/show number 89.,http://images.com/89.jpg,http://content.com/item/89,"[0, 0, 1, 1, 0, 0, 1, 0, 0, 0]"
90,Title 90,['Horror'],This is the overview of movie/show number 90.,http://images.com/90.jpg,http://content.com/item/90,"[0, 0, 0, 0, 0, 1, 0, 0, 0, 0]"
91,Title 91,"['Romance', 'Sci-Fi']",This is the overview of movie/show number 91.,http://images.com/91.jpg,http://content.com/item/91,"[0, 0, 0, 0, 0, 0, 0, 1, 1, 0]"
92,Title 92,"['Horror', 'Drama']",This is the overview of movie/show number 92.,http://images.com/92.jpg,http://content.com/item/92,"[0, 0, 0, 1, 0, 1, 0, 0, 0, 0]"
93,Title 93,"['Fantasy', 'Action', 'Romance']",This is the overview of movie/show number 93.,http://images.com/93.jpg,http://content.com/item/93,"[1, 0, 0, 0, 1, 0, 0, 1, 0, 0]"
94,Title 94,"['Comedy', 'Horror', 'Fantasy']",This is the overview of movie/show number 94.,http://images.com/94.jpg,http://content.com/item/94,"[0, 0, 1, 0, 1, 1, 0, 0, 0, 0]"
95,Title 95,"['Adventure', 'Thriller', 'Mystery']",This is the overview of movie/show number 95.,http://images.com/95.jpg,http://content.com/item/95,"[0, 1, 0, 0, 0, 0, 1, 0, 0, 1]"
96,Title 96,['Sci-Fi'],This is the overview of movie/show number 96.,http://images.com/96.jpg,http://content.com/item/96,"[0, 0, 0, 0, 0, 0, 0, 0, 1, 0]"
97,Title 97,"['Sci-Fi', 'Drama']",This is the overview of movie/show number 97.,http://images.com/97.jpg,http://content.com/item/97,"[0, 0, 0, 1, 0, 0, 0, 0, 1, 0]"
98,Title 98,"['Comedy', 'Thriller', 'Adventure']",This is the overview of movie/show number 98.,http://images.com/98.jpg,http://content.com/item/98,"[0, 1, 1, 0, 0, 0, 0, 0, 0, 1]"
99,Title 99,['Comedy'],This is the overview of movie/show number 99.,http://images.com/99.jpg,http://content.com/item/99,"[0, 0, 1, 0, 0, 0, 0, 0, 0, 0]"
100,Title 100,"['Action', 'Romance', 'Mystery']",This is the overview of movie/show number 100.,http://images.com/100.jpg,http://content.com/item/100,"[1, 0, 0, 0, 0, 0, 1, 1, 0, 0]"
